<?xml version="1.0"?>
<!DOCTYPE hibernate-mapping PUBLIC "-//Hibernate/Hibernate Mapping DTD 3.0//EN"
"http://hibernate.sourceforge.net/hibernate-mapping-3.0.dtd">
<!-- Generated Jun 1, 2015 6:18:41 PM by Hibernate Tools 3.4.0.CR1 -->
<hibernate-mapping>
    <class name="com.tim10.glavna_knjiga.mappings.KontniPlan" table="KontniPlan" catalog="Tim10">
        <id name="idKontniPlan" type="int">
            <column name="IdKontniPlan" />
            <generator class="assigned" />
        </id>
        <many-to-one name="preduzece" class="com.tim10.glavna_knjiga.mappings.Preduzece" fetch="select">
            <column name="Preduzece_IdPreduzece" not-null="true" />
        </many-to-one>
        <property name="naziv" type="string">
            <column name="Naziv" length="45" />
        </property>
        <property name="datumKreiranja" type="timestamp">
            <column name="DatumKreiranja" length="19" />
        </property>
        <property name="poslovnaGodina" type="java.lang.Integer">
            <column name="PoslovnaGodina" />
        </property>
        <set name="kontniOkvirs" table="KontniPlan_has_KontniOkvir" inverse="false" lazy="true" fetch="select">
            <key>
                <column name="KontniPlan_IdKontniPlan" not-null="true" />
            </key>
            <many-to-many entity-name="com.tim10.glavna_knjiga.mappings.KontniOkvir">
                <column name="KontniOkvir_Id" not-null="true" />
            </many-to-many>
        </set>
    </class>
</hibernate-mapping>
