<?xml version="1.0"?>
<!DOCTYPE hibernate-mapping PUBLIC "-//Hibernate/Hibernate Mapping DTD 3.0//EN"
"http://hibernate.sourceforge.net/hibernate-mapping-3.0.dtd">
<!-- Generated Jun 1, 2015 6:18:41 PM by Hibernate Tools 3.4.0.CR1 -->
<hibernate-mapping>
    <class name="com.tim10.glavna_knjiga.mappings.KorisnikTipovi" table="KorisnikTipovi" catalog="Tim10">
        <id name="id" type="int">
            <column name="Id" />
            <generator class="assigned" />
        </id>
        <property name="naziv" type="string">
            <column name="Naziv" length="20" />
        </property>
        <set name="korisniks" table="Korisnik" inverse="true" lazy="true" fetch="select">
            <key>
                <column name="KorisnikTipovi_Id" not-null="true" />
            </key>
            <one-to-many class="com.tim10.glavna_knjiga.mappings.Korisnik" />
        </set>
    </class>
</hibernate-mapping>
