<?xml version="1.0"?>
<!DOCTYPE hibernate-mapping PUBLIC "-//Hibernate/Hibernate Mapping DTD 3.0//EN"
"http://hibernate.sourceforge.net/hibernate-mapping-3.0.dtd">
<!-- Generated Jun 1, 2015 6:18:41 PM by Hibernate Tools 3.4.0.CR1 -->
<hibernate-mapping>
    <class name="com.tim10.glavna_knjiga.mappings.Nalozi" table="Nalozi" catalog="Tim10">
        <id name="id" type="int">
            <column name="Id" />
            <generator class="assigned" />
        </id>
        <many-to-one name="korisnik" class="com.tim10.glavna_knjiga.mappings.Korisnik" fetch="select">
            <column name="Korisnik_Id" not-null="true" />
        </many-to-one>
        <many-to-one name="preduzece" class="com.tim10.glavna_knjiga.mappings.Preduzece" fetch="select">
            <column name="Preduzece_IdPreduzece" not-null="true" />
        </many-to-one>
        <property name="naziv" type="string">
            <column name="Naziv" length="45" />
        </property>
        <property name="sifraNaloga" type="string">
            <column name="SifraNaloga" length="10" unique="true" />
        </property>
        <property name="status" type="java.lang.Integer">
            <column name="Status" />
        </property>
        <property name="datumKnjizenja" type="timestamp">
            <column name="DatumKnjizenja" length="19" />
        </property>
        <property name="datumKreiranja" type="timestamp">
            <column name="DatumKreiranja" length="19" />
        </property>
        <set name="stavkeNalogas" table="StavkeNaloga" inverse="true" lazy="true" fetch="select">
            <key>
                <column name="Nalozi_Id" not-null="true" />
            </key>
            <one-to-many class="com.tim10.glavna_knjiga.mappings.StavkeNaloga" />
        </set>
    </class>
</hibernate-mapping>
