<?xml version="1.0"?>
<!DOCTYPE hibernate-mapping PUBLIC "-//Hibernate/Hibernate Mapping DTD 3.0//EN"
"http://hibernate.sourceforge.net/hibernate-mapping-3.0.dtd">
<!-- Generated Jun 1, 2015 6:18:41 PM by Hibernate Tools 3.4.0.CR1 -->
<hibernate-mapping>
    <class name="com.tim10.glavna_knjiga.mappings.StavkeNaloga" table="StavkeNaloga" catalog="Tim10">
        <id name="id" type="int">
            <column name="Id" />
            <generator class="assigned" />
        </id>
        <many-to-one name="nalozi" class="com.tim10.glavna_knjiga.mappings.Nalozi" fetch="select">
            <column name="Nalozi_Id" not-null="true" />
        </many-to-one>
        <many-to-one name="klijent" class="com.tim10.glavna_knjiga.mappings.Klijent" fetch="select">
            <column name="Klijent_Id" not-null="true" />
        </many-to-one>
        <many-to-one name="dokumenti" class="com.tim10.glavna_knjiga.mappings.Dokumenti" fetch="select">
            <column name="Dokumenti_Id" not-null="true" />
            <column name="Dokumenti_VrstaDokumenta_Id" not-null="true" />
        </many-to-one>
        <many-to-one name="kontniOkvir" class="com.tim10.glavna_knjiga.mappings.KontniOkvir" fetch="select">
            <column name="KontniOkvir_Id" not-null="true" />
        </many-to-one>
        <property name="naziv" type="string">
            <column name="Naziv" length="45" />
        </property>
        <property name="datumKreiranja" type="timestamp">
            <column name="DatumKreiranja" length="19" />
        </property>
        <property name="duguje" type="big_decimal">
            <column name="Duguje" precision="18" />
        </property>
        <property name="potrazuje" type="big_decimal">
            <column name="Potrazuje" precision="18" />
        </property>
    </class>
</hibernate-mapping>
