<?xml version="1.0"?>
<!DOCTYPE hibernate-mapping PUBLIC "-//Hibernate/Hibernate Mapping DTD 3.0//EN"
"http://hibernate.sourceforge.net/hibernate-mapping-3.0.dtd">
<!-- Generated Jun 1, 2015 6:18:41 PM by Hibernate Tools 3.4.0.CR1 -->
<hibernate-mapping>
    <class name="com.tim10.glavna_knjiga.mappings.VrstaDokumenta" table="VrstaDokumenta" catalog="Tim10">
        <id name="id" type="java.lang.Integer">
            <column name="Id" />
            <generator class="identity" />
        </id>
        <property name="naziv" type="string">
            <column name="Naziv" length="45" />
        </property>
        <set name="dokumentis" table="Dokumenti" inverse="true" lazy="true" fetch="select">
            <key>
                <column name="VrstaDokumenta_Id" not-null="true" />
            </key>
            <one-to-many class="com.tim10.glavna_knjiga.mappings.Dokumenti" />
        </set>
    </class>
</hibernate-mapping>
