<?xml version="1.0"?>
<!DOCTYPE hibernate-mapping PUBLIC "-//Hibernate/Hibernate Mapping DTD 3.0//EN"
"http://hibernate.sourceforge.net/hibernate-mapping-3.0.dtd">
<!-- Generated Jun 1, 2015 6:18:41 PM by Hibernate Tools 3.4.0.CR1 -->
<hibernate-mapping>
    <class name="com.tim10.glavna_knjiga.mappings.KontniOkvir" table="KontniOkvir" catalog="Tim10">
        <id name="id" type="java.lang.Integer">
            <column name="Id" />
            <generator class="identity" />
        </id>
        <property name="brojKonta" type="string">
            <column name="BrojKonta" length="16777215" not-null="true" />
        </property>
        <property name="naziv" type="string">
            <column name="Naziv" length="16777215" not-null="true" />
        </property>
        <set name="kontniPlans" table="KontniPlan_has_KontniOkvir" inverse="false" lazy="true" fetch="select">
            <key>
                <column name="KontniOkvir_Id" not-null="true" />
            </key>
            <many-to-many entity-name="com.tim10.glavna_knjiga.mappings.KontniPlan">
                <column name="KontniPlan_IdKontniPlan" not-null="true" />
            </many-to-many>
        </set>
        <set name="stavkeNalogas" table="StavkeNaloga" inverse="true" lazy="true" fetch="select">
            <key>
                <column name="KontniOkvir_Id" not-null="true" />
            </key>
            <one-to-many class="com.tim10.glavna_knjiga.mappings.StavkeNaloga" />
        </set>
    </class>
</hibernate-mapping>
