<?xml version="1.0"?>
<!DOCTYPE hibernate-mapping PUBLIC "-//Hibernate/Hibernate Mapping DTD 3.0//EN"
"http://hibernate.sourceforge.net/hibernate-mapping-3.0.dtd">
<!-- Generated Jun 1, 2015 6:18:41 PM by Hibernate Tools 3.4.0.CR1 -->
<hibernate-mapping>
    <class name="com.tim10.glavna_knjiga.mappings.Preduzece" table="Preduzece" catalog="Tim10">
        <id name="idPreduzece" type="int">
            <column name="IdPreduzece" />
            <generator class="assigned" />
        </id>
        <property name="naziv" type="string">
            <column name="Naziv" length="45" />
        </property>
        <property name="opis" type="string">
            <column name="Opis" length="45" />
        </property>
        <property name="adresa" type="string">
            <column name="Adresa" length="45" />
        </property>
        <property name="telefon" type="string">
            <column name="Telefon" length="20" />
        </property>
        <property name="fax" type="string">
            <column name="Fax" length="20" />
        </property>
        <set name="nalozis" table="Nalozi" inverse="true" lazy="true" fetch="select">
            <key>
                <column name="Preduzece_IdPreduzece" not-null="true" />
            </key>
            <one-to-many class="com.tim10.glavna_knjiga.mappings.Nalozi" />
        </set>
        <set name="kontniPlans" table="KontniPlan" inverse="true" lazy="true" fetch="select">
            <key>
                <column name="Preduzece_IdPreduzece" not-null="true" />
            </key>
            <one-to-many class="com.tim10.glavna_knjiga.mappings.KontniPlan" />
        </set>
        <set name="klijents" table="Klijent_has_Preduzece" inverse="false" lazy="true" fetch="select">
            <key>
                <column name="Preduzece_IdPreduzece" not-null="true" />
            </key>
            <many-to-many entity-name="com.tim10.glavna_knjiga.mappings.Klijent">
                <column name="Klijent_Id" not-null="true" />
            </many-to-many>
        </set>
    </class>
</hibernate-mapping>
